{
  "properties": [
    {
      "name": "jwt.secret",
      "type": "java.lang.String",
      "description": "jwt 秘钥."
    },
    {
      "name": "jwt.expire-time",
      "type": "java.lang.String",
      "description": "jwt 过期时间（分钟）."
    },
    {
      "name": "error-message.username-not-found",
      "type": "java.lang.String",
      "description": "Description for error-message.username-not-found."
    },
    {
      "name": "error-message.password-error",
      "type": "java.lang.String",
      "description": "Description for error-message.password-error."
    },
    {
      "name": "error-message.not-found",
      "type": "java.lang.String",
      "description": "Description for error-message.not-found."
    },
    {
      "name": "error-message.method-not-supported",
      "type": "java.lang.String",
      "description": "Description for error-message.method-not-supported."
    },
    {
      "name": "route.prefix-api-v1",
      "type": "java.lang.String",
      "description": "Description for route.prefix-api-v1."
    },
    {
      "name": "jwt.refresh-time",
      "type": "java.lang.String",
      "description": "jwt 刷新时间（分钟）."
    }
  ]
}