<?xml version="1.0" encoding="UTF-8"?>
<!DOCTYPE mapper PUBLIC "-//mybatis.org//DTD Mapper 3.0//EN" "http://mybatis.org/dtd/mybatis-3-mapper.dtd">
<mapper namespace="com.cermsp.cermsp.mapper.RegionalismMapper">
    <select id="selectChildrenById" resultType="com.cermsp.cermsp.entity.Regionalism">
        WITH RECURSIVE cte AS (SELECT id, name, region_code, level, lng, lat, parent_id, area, year, ST_AsGeoJSON(geometry) AS geometry, 0 AS depth
        FROM t_regionalism
        WHERE id = #{id}
        UNION ALL
        SELECT cur.id,
               cur.name,
               cur.region_code,
               cur.level,
               cur.lng,
               cur.lat,
               cur.parent_id,
               cur.area,
               cur.year,
               ST_AsGeoJSON(cur.geometry) AS geometry,
               cte.depth + 1              AS depth
        FROM t_regionalism cur
                 JOIN cte ON cur.parent_id = cte.id
        WHERE cte.depth &lt;= #{childrenLevel} - 1 )
        SELECT *
        FROM cte
        ORDER BY level DESC, year ASC, region_code ASC;
    </select>

    <resultMap id="findRegionalismWithEducationResourceResult" type="com.cermsp.cermsp.entity.Regionalism"
               autoMapping="true">
        <association property="educationResource" javaType="com.cermsp.cermsp.entity.EducationResource">
            <result column="examinee_count" property="examineeCount"/>
            <result column="enrollment_count" property="enrollmentCount"/>
            <result column="population" property="population"/>
            <result column="gdp" property="gdp"/>
            <result column="educational_fund" property="educationalFund"/>
        </association>
    </resultMap>
    <select id="findRegionalismWithEducationResource" resultMap="findRegionalismWithEducationResourceResult">
        WITH RECURSIVE cte AS (SELECT id, name, region_code, level, parent_id, year, 0 AS depth
        FROM t_regionalism
        WHERE region_code = #{regionCode}
        UNION ALL
        SELECT cur.id,
               cur.name,
               cur.region_code,
               cur.level,
               cur.parent_id,
               cur.year,
               cte.depth + 1 AS depth
        FROM t_regionalism cur
                 JOIN cte ON cur.parent_id = cte.id
        WHERE cte.depth &lt;= #{childrenLevel} - 1 )
        SELECT cte.*, examinee_count, enrollment_count, population, gdp, educational_fund
        FROM cte
                 LEFT JOIN t_education_resource ON cte.id = t_education_resource.regionalism_id
        ORDER BY level DESC, year ASC, region_code ASC;
    </select>

    <select id="findRegionalismBySearch" resultType="com.cermsp.cermsp.entity.Regionalism">
        SELECT id, name, level, region_code
        FROM t_regionalism
        WHERE year = 2021 AND name LIKE concat('%', #{name,jdbcType=VARCHAR}, '%')
    </select>

    <select id="listRegionalismsByCodesWithEducationResource" resultMap="findRegionalismWithEducationResourceResult">
        WITH RECURSIVE cte AS (SELECT id, name, region_code, level, parent_id, year, ST_AsGeoJSON(geometry) AS geometry,
        0 AS depth
        FROM t_regionalism
        WHERE region_code in (
        <foreach collection="regionCodes" item="regionCode" separator=",">
            #{regionCode,jdbcType=INTEGER}
        </foreach>
        ) AND year in (
        <foreach collection="years" item="year" separator=",">
            #{year,jdbcType=INTEGER}
        </foreach>
        )
        UNION ALL
        SELECT cur.id,
        cur.name,
        cur.region_code,
        cur.level,
        cur.parent_id,
        cur.year,
        ST_AsGeoJSON(cur.geometry) AS geometry,
        cte.depth + 1 AS depth
        FROM t_regionalism cur
        JOIN cte ON cur.parent_id = cte.id
        WHERE cte.depth &lt;= #{childrenLevel} - 1 )
        SELECT cte.*,
        <foreach collection="indexes" item="index" separator=",">
            ${index.columnName}
        </foreach>
        FROM cte
        LEFT JOIN t_education_resource ON cte.id = t_education_resource.regionalism_id
        ORDER BY level DESC, region_code ASC, year ASC;
    </select>
</mapper>